[
    {
        "id": 1,
        "title": "Contoh",
        "description": "contoh",
        "filename": "68848619f1e0c_1753515545.jpeg",
        "originalName": "WhatsApp Image 2025-07-24 at 17.09.29.jpeg",
        "mimeType": "image\/jpeg",
        "size": 119375,
        "category": "lainnya",
        "uploadedAt": "2025-07-26 07:39:05"
    },
    {
        "id": 2,
        "title": "osis",
        "description": "wdvqrebgt",
        "filename": "68848989c3c0c_1753516425.jpg",
        "originalName": "logo osis.jpg",
        "mimeType": "image\/jpeg",
        "size": 62213,
        "category": "event-khusus",
        "uploadedAt": "2025-07-26 07:53:45"
    }
]